timestamp,frame_interval_ms,frame_jitter_ms,collect_ms,render_ms,lock_wait_ms,total_ms
1778358122.0810676,149.18,6306.92,0.04,3.24,0,3.28
1778358123.2515507,23.41,4.12,0.04,3.16,0,3.2
1778358124.419899,23.37,1.57,0.04,3.21,0,3.25
1778358125.5894601,23.39,1.81,0.03,3.19,0,3.22
1778358126.7471871,23.15,21.82,0.03,3.19,0,3.22
1778358127.9179451,23.42,5.89,0.14,2.87,0,3.01
1778358129.110435,23.86,34.29,0.03,2.73,0,2.76
1778358130.27521,23.29,2.11,0.03,3.23,0,3.27
1778358131.443597,23.37,2.55,0.03,3.15,0,3.18
1778358132.610641,23.34,1.62,0.03,3.19,0,3.22
1778358133.782549,23.44,7.34,0.01,3.02,0,3.03
1778358134.9340394,23.04,27.37,0.01,2.71,0,2.72
1778358136.1010911,23.33,16.81,0.04,3.22,0,3.27
1778358137.2676027,23.33,3.09,0.04,3.25,0,3.29
1778358138.4421606,23.49,7.82,0.04,3.28,0,3.33
1778358139.6237967,23.64,6.91,0.03,3.15,0,3.18
1778358140.7625883,23.08,27.29,2.78,3.36,0,6.14
1778358156.4624453,313.7,14537.17,0.04,2.51,0,2.55
1778358157.636427,23.41,3.49,0.05,12.1,0,12.15
1778358160.7702835,62.73,1986.93,0.04,3.25,0,3.3
1778358164.1460624,67.52,2225.48,0.05,3.25,0,3.3
1778358165.3211243,23.5,5.1,0.04,3.26,0,3.3
1778358166.4927561,23.37,2.28,0.05,12.13,0,12.18
1778358169.6783552,63.77,2034.58,0.04,3.2,0,3.24
1778358173.1825616,70.09,2359.1,0.03,2.82,0,2.85
1778358174.353434,23.41,14.45,0.05,3.29,0,3.34
1778358175.530889,23.55,14.59,0.03,3.12,0,3.15
1778358185.194777,193.28,8514.17,0.03,3.22,0,3.24
1778358186.3599427,23.3,2.43,0.06,3.32,0,3.39
1778358190.5456553,83.72,3032.27,0.03,3.12,0,3.15
1778358191.7186842,23.46,5.76,0.03,3.21,0,3.24
1778358836.7004352,432.79,11691.41,0.02,2.23,0,2.25
1778358838.4642692,35.26,610.27,0.04,2.83,0,2.87
1778358840.1791492,34.28,377.87,0.03,3.65,0,3.68
1778358842.617198,48.77,1151.08,0.03,3.14,0,3.17
1778358847.119953,90.05,3353.84,0.07,3.24,0,3.31
1778358848.2884886,23.37,5.67,0.03,3.22,0,3.26
1778358850.3867552,41.97,951.3,0.03,3.13,0,3.16
1778358852.7078636,46.41,1176.99,0.06,3.69,0,3.75
1778358855.385629,53.57,1528.81,0.03,3.2,0,3.23
1778358856.5615582,23.52,5.16,0.03,3.2,0,3.23
1778358859.0290663,49.35,1313.05,0.05,3.22,0,3.27
1778358860.204694,23.51,5.82,0.04,3.25,0,3.29
1778358861.373642,23.39,2.27,0.04,2.79,0,2.83
1778358862.541592,23.31,2.75,1.74,3.29,0,5.03
1778358863.699473,23.2,10.28,0.03,3.2,0,3.23
1778358864.865338,23.31,2.56,0.05,3.24,0,3.3
1778358866.031078,23.33,3.8,0.03,2.81,0,2.84
1778358867.1940668,23.26,2.58,0.03,3.04,0,3.08
1778358868.3568637,23.44,5.73,2.75,3.24,0,5.98
1778358870.4131863,40.94,888.06,0.04,3.22,0,3.27
1778358871.583803,23.41,1.86,0.04,3.22,0,3.27
1778358872.7502103,23.33,2.27,0.04,3.18,0,3.22
1778358873.9210997,23.42,2.88,0.06,2.91,0,2.97
1778358875.095518,23.48,5.75,0.05,3.16,0,3.21
1778358876.2611315,23.31,6.06,0.03,3.11,0,3.14
1778358877.4231105,23.24,2.15,0.03,3.11,0,3.15
1778358879.778172,47.1,1204.54,0.04,3.15,0,3.19
1778358882.325897,50.96,1389.92,0.04,2.79,0,2.83
1778358884.6630657,46.73,1198.89,0.04,3.23,0,3.27
1778358886.9603097,45.96,1129.94,0.04,2.45,0,2.48
1778358889.2056797,44.89,1090.22,0.04,3.11,0,3.16
1778358891.5253868,46.39,1159.72,0.04,3.24,0,3.28
1778362718.2360625,833.86,40532.44,0.04,3.17,0,3.21
1778362719.401466,23.32,2.47,0.05,2.5,0,2.55
1778362720.5740533,23.44,3.23,0.05,3.16,0,3.21
1778362721.7420738,23.37,2.12,0.09,2.79,0,2.88
1778362722.906634,23.29,2.24,0.05,3.12,0,3.16
1778362724.0783844,23.43,2.9,0.04,3.11,0,3.16
1778362725.2561486,23.55,10.9,0.04,3.22,0,3.26
1778362726.4244952,23.37,2.28,0.06,3.23,0,3.29
1778362727.5908856,23.33,2.16,0.04,3.2,0,3.24
1778362728.7563612,23.32,2.43,0.07,2.86,0,2.94
1778362729.9225583,23.31,2.2,0.05,3.66,0,3.71
1778362731.0954306,23.48,11.25,0.04,2.82,0,2.86
1778362732.2629175,23.34,2.27,0.05,3.24,0,3.29
1778362733.4254577,23.26,2.61,0.04,2.74,0,2.77
1778362734.594041,23.38,2.24,0.05,2.43,0,2.48
1778362735.7649858,23.41,7.75,0.05,2.8,0,2.85
1778362736.93275,23.34,2.5,0.05,3.32,0,3.36
1778362738.0926626,23.2,2.65,0.04,3.25,0,3.29
1778362739.2679448,23.5,3.44,0.09,3.34,0,3.43
1778362740.4392486,23.43,6.43,0.05,3.38,0,3.43
1778362741.6038148,23.31,2.45,0.02,2.7,0,2.72
1778362742.761945,23.15,4.41,0.07,3.1,0,3.17
1778362743.9229162,23.21,2.73,0.03,3.54,0,3.57
1778362745.0927262,23.41,5.21,0.03,3.08,0,3.11
1778362746.2589693,23.29,6.26,0.03,3.01,0,3.03
1778362747.4203887,23.28,3.3,0.03,2.69,0,2.71
1778362748.5793371,23.17,2.45,0.03,3.15,0,3.17
1778362749.7417037,23.25,3.63,0.07,3.17,0,3.25
1778362750.9003313,23.18,2.3,0.03,2.67,0,2.69
1778362752.0571067,23.13,2.2,0.03,3.07,0,3.1
1778362753.217682,23.21,2.14,0.03,3.05,0,3.07
1778362754.3790748,23.23,2.47,0.03,3.1,0,3.13
1778362755.5422802,23.27,2.24,0.03,3.0,0,3.03
1778362756.706175,23.28,2.9,0.05,3.07,0,3.11
1778362757.8660665,23.21,2.29,0.02,2.69,0,2.71
1778362759.0266616,23.2,2.2,0.03,3.08,0,3.11
1778362760.1913552,23.29,4.4,0.03,3.09,0,3.12
1778362761.3560567,23.3,6.87,0.03,2.98,0,3.01
1778362762.516574,23.17,2.17,0.03,3.01,0,3.04
1778362763.6762815,23.23,3.06,0.03,3.06,0,3.08
1778362764.8397508,23.28,2.25,0.03,2.73,0,2.76
1778362766.004438,23.29,7.46,0.03,3.1,0,3.13
1778362767.1651814,23.22,2.43,0.03,3.07,0,3.1
1778362768.3257146,23.22,2.2,0.03,2.65,0,2.68
1778362769.4910862,23.3,5.91,0.03,3.04,0,3.07
1778362770.6535082,23.24,2.24,0.07,3.19,0,3.26
1778362771.8127253,23.19,2.31,0.03,3.04,0,3.07
1778362772.9692712,23.13,2.52,0.03,3.05,0,3.07
1778362774.136689,23.35,5.61,0.03,3.05,0,3.08
1778362775.294899,23.17,2.3,0.04,2.98,0,3.03
1778362776.4634032,23.37,12.35,0.03,3.09,0,3.12
1778362777.6213562,23.16,2.58,0.03,3.06,0,3.09
1778362778.7889335,23.35,2.75,0.03,3.1,0,3.14
1778362779.9528148,23.28,3.17,0.03,3.11,0,3.14
1778362781.1168709,23.28,2.79,0.03,3.06,0,3.09
1778362782.2761538,23.19,1.09,0.01,3.01,0,3.02
1778362783.4353626,23.18,1.21,0.02,3.11,0,3.13
1778362784.5923457,23.15,2.06,0.01,2.61,0,2.62
1778362785.7491047,23.12,2.27,0.03,3.2,0,3.22
1778362786.9049563,23.12,1.37,0.01,3.11,0,3.13
1778362788.0622554,23.15,1.17,0.01,2.96,0,2.98
1778362789.2211764,23.18,5.67,0.01,3.04,0,3.05
1778362790.379587,23.17,3.69,0.01,3.0,0,3.01
1778362791.5387301,23.18,1.03,0.01,3.08,0,3.09
1778362792.692911,23.09,1.51,0.01,2.69,0,2.71
1778362793.8499558,23.14,3.07,0.01,2.62,0,2.63
1778362795.0053446,23.1,0.96,0.01,3.02,0,3.04
1778362796.1620376,23.13,1.78,0.01,2.98,0,2.99
1778362797.318373,23.13,1.09,0.01,2.98,0,3.0
1778362798.478232,23.2,6.14,0.01,2.94,0,2.95
1778362799.633316,23.11,1.11,0.01,2.63,0,2.64
1778362800.729769,21.96,4.6,0.02,1.26,0,1.28
1778362801.795466,21.32,0.53,0.0,1.25,0,1.26
1778362802.86208,21.33,0.44,0.0,1.24,0,1.24
1778362803.9287457,21.33,0.42,0.01,1.22,0,1.22
1778362804.9995234,21.37,2.4,0.02,3.55,0,3.57
1778362806.1542385,23.11,2.26,0.01,3.01,0,3.02
1778362807.3127978,23.17,1.12,0.01,3.02,0,3.03
1778362808.4699142,23.14,1.17,0.01,3.0,0,3.01
1778362809.6298325,23.2,4.19,0.01,3.03,0,3.04
1778362810.7919548,23.25,3.61,0.01,2.71,0,2.72
1778362811.950642,23.17,3.1,0.01,2.99,0,3.01
1778362813.1048481,23.08,1.12,0.01,2.96,0,2.97
1778362814.2605026,23.11,1.04,0.01,2.96,0,2.98
1778362815.4168663,23.13,1.67,0.01,3.03,0,3.04
1778362816.5725706,23.11,1.15,0.01,3.03,0,3.04
1778362817.7338479,23.23,2.72,0.02,2.71,0,2.73
1778362818.8884006,23.09,2.41,0.01,2.65,0,2.66
1778362820.0429254,23.08,0.67,0.02,3.0,0,3.01
1778362821.2039998,23.23,5.2,0.01,2.65,0,2.66
1778362822.3605082,23.12,0.72,0.01,3.04,0,3.05
1778362823.5155308,23.1,1.11,0.01,3.06,0,3.08
1778362824.674485,23.18,1.33,0.01,3.0,0,3.01
1778362825.8290565,23.1,1.44,0.01,2.35,0,2.35
1778362826.981831,23.04,0.95,0.01,3.05,0,3.06
1778362828.1350863,23.07,1.1,0.01,3.01,0,3.02
1778362829.2917721,23.14,2.05,0.01,2.66,0,2.67
1778362830.4443483,23.04,0.93,0.01,3.07,0,3.08
1778362831.607125,23.26,5.65,0.01,3.08,0,3.09
1778362832.7672863,23.2,4.17,0.02,3.0,0,3.02
1778362833.9233575,23.12,1.05,0.02,3.1,0,3.11
1778362835.0827785,23.2,1.17,0.01,2.67,0,2.69
1778362836.2184803,22.44,2.08,0.01,16.41,0,16.42
1778362837.352185,22.98,15.65,0.01,1.32,0,1.33
1778362838.435127,21.66,9.46,0.0,1.24,0,1.25
1778362839.5645173,22.59,13.7,0.0,1.19,0,1.2
1778362840.6762288,22.23,15.35,0.0,1.21,0,1.21
1778362841.8514898,23.36,9.93,0.02,8.36,0,8.38
1778362843.032356,23.73,9.29,0.01,2.72,0,2.73
1778362844.224218,23.59,14.3,0.01,15.28,0,15.29
1778362845.4137533,24.04,13.54,0.02,2.81,0,2.83
1778362846.6035855,23.54,14.52,0.01,15.5,0,15.51
1778362847.7979538,24.15,13.82,0.02,2.43,0,2.44
1778362848.9825673,23.57,8.59,0.01,8.42,0,8.43
1778362850.167662,23.81,9.37,0.02,3.0,0,3.02
1778362851.3480132,23.61,8.81,0.01,3.02,0,3.03
1778362852.5375898,23.79,9.42,0.02,3.14,0,3.16
1778362853.7279878,23.7,9.19,0.03,8.24,0,8.27
1778362854.913948,23.83,10.16,0.01,3.01,0,3.03
1778362856.0960062,23.65,8.96,0.01,2.67,0,2.68
1778362857.277494,23.62,9.05,0.01,3.02,0,3.03
1778362858.4732711,23.76,15.92,0.01,10.96,0,10.97
1778362859.659917,23.89,14.76,0.02,3.04,0,3.06
1778362860.8732195,24.13,15.67,0.02,9.63,0,9.65
1778362862.0632749,23.94,8.82,0.02,2.66,0,2.68
1778362863.2521033,23.78,9.44,0.02,2.46,0,2.47
1778369314.068516,6560.67,326875.5,0.04,2.76,0,2.79
1778369315.231219,23.24,2.47,0.07,3.19,0,3.26
1778369316.397535,23.33,2.52,0.06,3.19,0,3.25
1778369317.561988,23.3,2.37,0.04,2.86,0,2.9
1778369318.705672,22.91,4.04,0.02,1.26,0,1.27
1778369319.776675,21.42,1.07,0.02,1.27,0,1.28
1778369320.8479867,21.43,1.06,0.02,1.27,0,1.29
1778369321.9195275,21.43,1.08,0.02,1.29,0,1.31
1778369322.9930956,21.47,1.49,0.02,1.28,0,1.31
1778369324.121466,22.53,3.34,0.05,3.22,0,3.26
1778369325.2838306,23.25,1.82,0.04,3.19,0,3.23
1778369326.449718,23.32,3.49,0.04,3.15,0,3.19
1778369327.6157982,23.33,1.69,0.04,2.8,0,2.84
1778369328.781149,23.31,1.72,0.04,2.83,0,2.87
1778369329.9457848,23.28,2.01,0.09,3.43,0,3.52
1778369331.1152425,23.4,1.75,0.06,3.21,0,3.26
1778369332.279508,23.29,1.57,0.04,3.2,0,3.24
1778369333.4487813,23.38,3.72,0.04,3.25,0,3.29
1778369334.6130173,23.29,1.75,0.04,2.73,0,2.77
1778369335.7784445,23.31,2.45,0.04,2.84,0,2.88
1778369336.9413605,23.26,1.84,0.08,2.87,0,2.95
1778369338.0922883,23.02,23.16,0.02,2.76,0,2.78
1778369339.2526326,23.2,1.73,0.03,3.12,0,3.15
1778369340.4196594,23.34,5.76,0.03,3.08,0,3.1
1778369341.582946,23.27,2.29,0.03,3.07,0,3.1
1778369342.7439098,23.22,2.24,0.03,3.11,0,3.14
1778369343.9066494,23.26,1.79,0.02,2.75,0,2.78
